"Time","coffee","cafe"
"2004-01-01",18,22
"2004-02-01",18,21
"2004-03-01",18,19
"2004-04-01",18,21
"2004-05-01",19,21
"2004-06-01",19,21
"2004-07-01",21,23
"2004-08-01",20,21
"2004-09-01",18,21
"2004-10-01",19,21
"2004-11-01",19,23
"2004-12-01",18,23
"2005-01-01",17,24
"2005-02-01",18,22
"2005-03-01",18,22
"2005-04-01",19,24
"2005-05-01",21,23
"2005-06-01",19,23
"2005-07-01",28,26
"2005-08-01",23,25
"2005-09-01",20,25
"2005-10-01",19,26
"2005-11-01",18,27
"2005-12-01",19,26
"2006-01-01",18,26
"2006-02-01",19,26
"2006-03-01",18,25
"2006-04-01",19,26
"2006-05-01",20,27
"2006-06-01",20,25
"2006-07-01",21,26
"2006-08-01",20,27
"2006-09-01",18,26
"2006-10-01",18,28
"2006-11-01",18,29
"2006-12-01",17,27
"2007-01-01",17,30
"2007-02-01",18,28
"2007-03-01",17,29
"2007-04-01",19,28
"2007-05-01",18,32
"2007-06-01",18,31
"2007-07-01",20,30
"2007-08-01",18,33
"2007-09-01",18,31
"2007-10-01",17,33
"2007-11-01",17,33
"2007-12-01",17,33
"2008-01-01",17,33
"2008-02-01",19,35
"2008-03-01",18,31
"2008-04-01",19,34
"2008-05-01",20,36
"2008-06-01",19,34
"2008-07-01",20,35
"2008-08-01",19,34
"2008-09-01",19,36
"2008-10-01",17,35
"2008-11-01",17,34
"2008-12-01",19,37
"2009-01-01",18,36
"2009-02-01",18,35
"2009-03-01",19,34
"2009-04-01",19,35
"2009-05-01",24,39
"2009-06-01",22,36
"2009-07-01",25,39
"2009-08-01",24,39
"2009-09-01",23,40
"2009-10-01",22,42
"2009-11-01",23,42
"2009-12-01",23,44
"2010-01-01",23,43
"2010-02-01",23,45
"2010-03-01",23,41
"2010-04-01",23,42
"2010-05-01",26,41
"2010-06-01",28,41
"2010-07-01",29,46
"2010-08-01",29,44
"2010-09-01",26,45
"2010-10-01",25,43
"2010-11-01",25,43
"2010-12-01",26,47
"2011-01-01",24,47
"2011-02-01",25,48
"2011-03-01",25,48
"2011-04-01",27,50
"2011-05-01",30,54
"2011-06-01",31,50
"2011-07-01",31,53
"2011-08-01",32,50
"2011-09-01",32,52
"2011-10-01",32,51
"2011-11-01",36,51
"2011-12-01",38,53
"2012-01-01",35,55
"2012-02-01",35,53
"2012-03-01",34,50
"2012-04-01",34,52
"2012-05-01",36,55
"2012-06-01",38,53
"2012-07-01",36,54
"2012-08-01",37,53
"2012-09-01",36,52
"2012-10-01",34,53
"2012-11-01",35,54
"2012-12-01",36,54
"2013-01-01",37,54
"2013-02-01",37,53
"2013-03-01",35,55
"2013-04-01",39,55
"2013-05-01",40,61
"2013-06-01",39,56
"2013-07-01",37,54
"2013-08-01",36,58
"2013-09-01",34,55
"2013-10-01",37,56
"2013-11-01",36,60
"2013-12-01",36,59
"2014-01-01",39,61
"2014-02-01",37,60
"2014-03-01",35,58
"2014-04-01",38,65
"2014-05-01",39,65
"2014-06-01",38,61
"2014-07-01",42,67
"2014-08-01",39,64
"2014-09-01",38,65
"2014-10-01",38,63
"2014-11-01",41,62
"2014-12-01",41,80
"2015-01-01",41,71
"2015-02-01",39,67
"2015-03-01",41,65
"2015-04-01",42,68
"2015-05-01",44,69
"2015-06-01",43,74
"2015-07-01",42,70
"2015-08-01",45,72
"2015-09-01",40,68
"2015-10-01",41,69
"2015-11-01",41,68
"2015-12-01",45,71
"2016-01-01",42,80
"2016-02-01",43,74
"2016-03-01",44,77
"2016-04-01",47,81
"2016-05-01",46,78
"2016-06-01",46,75
"2016-07-01",46,86
"2016-08-01",45,78
"2016-09-01",46,84
"2016-10-01",44,76
"2016-11-01",46,77
"2016-12-01",50,77
"2017-01-01",48,88
"2017-02-01",47,76
"2017-03-01",46,74
"2017-04-01",52,90
"2017-05-01",50,82
"2017-06-01",51,78
"2017-07-01",53,86
"2017-08-01",50,78
"2017-09-01",49,84
"2017-10-01",49,78
"2017-11-01",49,80
"2017-12-01",55,81
"2018-01-01",56,88
"2018-02-01",49,80
"2018-03-01",51,85
"2018-04-01",54,86
"2018-05-01",51,81
"2018-06-01",54,81
"2018-07-01",59,84
"2018-08-01",56,82
"2018-09-01",53,81
"2018-10-01",54,78
"2018-11-01",52,73
"2018-12-01",56,85
"2019-01-01",54,85
"2019-02-01",54,77
"2019-03-01",53,81
"2019-04-01",56,94
"2019-05-01",56,78
"2019-06-01",58,82
"2019-07-01",59,84
"2019-08-01",59,82
"2019-09-01",56,81
"2019-10-01",57,86
"2019-11-01",57,82
"2019-12-01",62,86
"2020-01-01",61,91
"2020-02-01",58,84
"2020-03-01",53,56
"2020-04-01",67,36
"2020-05-01",66,52
"2020-06-01",71,80
"2020-07-01",64,75
"2020-08-01",64,69
"2020-09-01",64,75
"2020-10-01",65,80
"2020-11-01",66,81
"2020-12-01",69,90
"2021-01-01",69,98
"2021-02-01",64,86
"2021-03-01",63,88
"2021-04-01",69,100
"2021-05-01",68,94
"2021-06-01",65,88
"2021-07-01",66,71
"2021-08-01",62,59
"2021-09-01",60,64
"2021-10-01",60,78
"2021-11-01",67,84
"2021-12-01",68,94
"2022-01-01",66,90
"2022-02-01",64,82
"2022-03-01",64,77
"2022-04-01",72,99
"2022-05-01",66,87
"2022-06-01",71,97
"2022-07-01",72,90
"2022-08-01",72,89
"2022-09-01",68,92
"2022-10-01",68,89
"2022-11-01",67,83
"2022-12-01",76,88
"2023-01-01",74,99
"2023-02-01",70,88
"2023-03-01",65,89
"2023-04-01",75,100
"2023-05-01",71,87
"2023-06-01",72,84
"2023-07-01",69,92
"2023-08-01",69,86
"2023-09-01",71,91
"2023-10-01",69,84
"2023-11-01",74,80
"2023-12-01",78,90
"2024-01-01",73,91
"2024-02-01",65,83
"2024-03-01",68,91
"2024-04-01",73,95
"2024-05-01",70,86
"2024-06-01",75,85
"2024-07-01",72,85
"2024-08-01",74,85
"2024-09-01",74,90
"2024-10-01",71,85
"2024-11-01",74,79
"2024-12-01",81,83
"2025-01-01",75,89
"2025-02-01",73,81
"2025-03-01",71,78
"2025-04-01",74,89
"2025-05-01",76,84
"2025-06-01",79,86
"2025-07-01",80,85
"2025-08-01",77,85
"2025-09-01",77,83
"2025-10-01",72,83
"2025-11-01",90,82
"2025-12-01",91,89
"2026-01-01",82,93
"2026-02-01",88,80
"2026-03-01",81,82
"2026-04-01",89,94
"2026-05-01",88,88